{
  "IcoMoonType": "selection",
  "icons": [
    {
      "icon": {
        "paths": [
          "M877.696 0h-731.392c-80.801 0-146.304 65.503-146.304 146.304v731.392c0 80.801 65.503 146.304 146.304 146.304h731.392c80.801 0 146.304-65.503 146.304-146.304v-731.392c0-80.801-65.503-146.304-146.304-146.304zM950.916 877.894c0.015 19.389-7.687 37.986-21.406 51.686s-32.327 21.377-51.715 21.336h-731.322c-19.559 0-38.028-7.515-51.861-21.347s-21.529-32.116-21.529-51.675v-731.52c0.073-40.486 32.904-73.272 73.389-73.29h731.322c19.416 0.020 38.029 7.753 51.742 21.498s21.404 32.376 21.379 51.792v731.52z",
          "M817.433 326.286h-287.467c-19.827 0-35.9 15.802-35.9 35.294s16.073 35.294 35.9 35.294h287.467c19.827 0 35.9-15.802 35.9-35.294s-16.073-35.294-35.9-35.294zM817.433 609.035h-287.467c-19.827 0-35.9 15.802-35.9 35.294s16.073 35.294 35.9 35.294h287.467c19.827 0 35.9-15.802 35.9-35.294s-16.073-35.294-35.9-35.294zM314.368 520.744c-69.459 0-125.751 55.357-125.751 123.628s56.308 123.628 125.751 123.628c69.443 0 125.751-55.357 125.751-123.628s-56.292-123.628-125.751-123.628zM352.528 681.903c-18.208 17.883-46.729 20.632-68.123 6.566s-29.703-41.029-19.846-64.403c9.857-23.373 35.134-36.648 60.376-31.706s43.417 26.724 43.413 52.027c0.036 14.082-5.661 27.592-15.82 37.519v-0.004zM396.784 266.167l-118.352 116.35-46.479-45.698c-14.020-13.783-36.751-13.783-50.771 0s-14.020 36.13-0 49.914l71.865 70.655c6.733 6.619 15.864 10.338 25.385 10.338s18.653-3.719 25.385-10.338l143.733-141.307c13.858-13.809 13.782-36.025-0.17-49.742s-36.549-13.794-50.597-0.171z"
        ],
        "attrs": [
          {
            "opacity": 0.8500000238418579
          },
          {
            "opacity": 0.8500000238418579
          }
        ],
        "isMulticolor": false,
        "isMulticolor2": false,
        "grid": 0,
        "tags": [
          "任务"
        ]
      },
      "attrs": [
        {
          "opacity": 0.8500000238418579
        },
        {
          "opacity": 0.8500000238418579
        }
      ],
      "properties": {
        "order": 11,
        "id": 8,
        "name": "task",
        "prevSize": 32,
        "code": 59648
      },
      "setIdx": 0,
      "setId": 0,
      "iconIdx": 0
    },
    {
      "icon": {
        "paths": [
          "M812.262 952.4h-189.6c-29.733 0-53.867-24.133-53.867-53.867v-286.533h-113.467v286.533c0 29.733-24.133 53.867-53.867 53.867h-189.733c-29.733 0-53.867-24.133-53.867-53.867v-394.667h-104c-21.867 0-41.467-13.067-49.733-33.2-8.4-20.267-3.733-43.2 11.733-58.667l1.867-1.733 457.333-395.6c10-9.467 23.067-14.667 36.933-14.667s26.933 5.2 36.933 14.667l459.2 397.333c15.467 15.467 20 38.533 11.733 58.667-8.4 20.267-27.867 33.2-49.733 33.2h-104v394.667c0 29.733-24.133 53.867-53.867 53.867zM637.462 883.6h159.867v-394.667c0-29.733 24.133-53.867 53.867-53.867h78.8l-418-361.6-418 361.6h78.8c29.733 0 53.867 24.133 53.867 53.867v394.667h159.867v-286.533c0-29.733 24.133-53.867 53.867-53.867h143.2c29.733 0 53.867 24.133 53.867 53.867v286.533z"
        ],
        "attrs": [
          {
            "opacity": 0.8500000238418579
          }
        ],
        "isMulticolor": false,
        "isMulticolor2": false,
        "grid": 0,
        "tags": [
          "首页"
        ]
      },
      "attrs": [
        {
          "opacity": 0.8500000238418579
        }
      ],
      "properties": {
        "order": 12,
        "id": 7,
        "name": "home",
        "prevSize": 32,
        "code": 59649
      },
      "setIdx": 0,
      "setId": 0,
      "iconIdx": 1
    },
    {
      "icon": {
        "paths": [
          "M512 76.8c17.067 0 25.6 0 34.133 8.533l341.333 170.667-341.333 170.667c-8.533 0-17.067 8.533-34.133 8.533s-25.6-8.533-34.133-8.533l-341.333-170.667 341.333-170.667c8.533 0 17.067-8.533 34.133-8.533zM512 0c-25.6 0-51.2 8.533-68.267 17.067l-418.133 204.8c-42.667 17.067-42.667 51.2 0 68.267l409.6 204.8c25.6 8.533 51.2 17.067 76.8 17.067s51.2-8.533 68.267-17.067l409.6-204.8c42.667-17.067 42.667-51.2 0-68.267l-409.6-204.8c-17.067-8.533-42.667-17.067-68.267-17.067z",
          "M512 768c-34.133 0-59.733-8.533-85.333-17.067l-401.067-170.667c-25.6-8.533-34.133-34.133-25.6-51.2 17.067-17.067 34.133-25.6 59.733-17.067l401.067 170.667c25.6 8.533 76.8 8.533 102.4 0l401.067-170.667c17.067-8.533 42.667 0 51.2 17.067s0 34.133-17.067 42.667l-401.067 179.2c-25.6 8.533-51.2 17.067-85.333 17.067z",
          "M512 1024c-34.133 0-59.733-8.533-85.333-17.067l-401.067-170.667c-25.6-8.533-34.133-34.133-25.6-51.2 17.067-17.067 34.133-25.6 59.733-17.067l401.067 170.667c25.6 8.533 76.8 8.533 102.4 0l401.067-170.667c17.067-8.533 42.667 0 51.2 17.067s0 34.133-17.067 42.667l-401.067 170.667c-25.6 17.067-51.2 25.6-85.333 25.6z"
        ],
        "attrs": [
          {
            "opacity": 0.8500000238418579
          },
          {
            "opacity": 0.8500000238418579
          },
          {
            "opacity": 0.8500000238418579
          }
        ],
        "isMulticolor": false,
        "isMulticolor2": false,
        "grid": 0,
        "tags": [
          "数据"
        ]
      },
      "attrs": [
        {
          "opacity": 0.8500000238418579
        },
        {
          "opacity": 0.8500000238418579
        },
        {
          "opacity": 0.8500000238418579
        }
      ],
      "properties": {
        "order": 13,
        "id": 6,
        "name": "data",
        "prevSize": 32,
        "code": 59650
      },
      "setIdx": 0,
      "setId": 0,
      "iconIdx": 2
    },
    {
      "icon": {
        "paths": [
          "M1016.686 855.771v0c0 14.629-14.629 29.257-29.257 21.943-14.629 0-21.943-14.629-21.943-21.943v0-190.171h-270.629v256h197.486c14.629 0 21.943 14.629 21.943 21.943 0 14.629-14.629 21.943-21.943 21.943 0 0 0 0 0 0h-768c-73.143 0-124.343-58.514-124.343-131.657v-797.257h892.343c73.143 0 124.343 58.514 124.343 131.657v687.543c0 0 0 0 0 0s0 0 0 0zM373.029 928.914h270.629v-256h-270.629v256zM373.029 621.714h270.629v-248.686h-270.629v248.686zM51.2 848.457c0 43.886 36.571 80.457 80.457 80.457h197.486v-256h-270.629v175.543zM51.2 621.714h270.629v-248.686h-270.629v248.686zM965.486 168.229c0-43.886-36.571-80.457-80.457-80.457h-833.829v234.057h914.286v-153.6zM965.486 373.029h-270.629v248.686h270.629v-248.686z"
        ],
        "attrs": [
          {}
        ],
        "isMulticolor": false,
        "isMulticolor2": false,
        "grid": 0,
        "tags": [
          "椭圆_1_拷贝_7"
        ]
      },
      "attrs": [
        {}
      ],
      "properties": {
        "order": 14,
        "id": 5,
        "name": "date1",
        "prevSize": 32,
        "code": 59651
      },
      "setIdx": 0,
      "setId": 0,